{
    "Bypass": {
        "h": 540.0,
        "w": 200.0,
        "x": 0.5,
        "y": 0.03703703731298447
    },
    "Creator": {
        "h": 120.0,
        "w": 200.0,
        "x": 0.6145833134651184,
        "y": 0.03703703731298447
    },
    "Credits": {
        "h": 120.0,
        "w": 200.0,
        "x": 1600.0,
        "y": 400.0
    },
    "General": {
        "h": 270.0,
        "w": 200.0,
        "x": 0.0416666679084301,
        "y": 0.03703703731298447
    },
    "Global": {
        "h": 290.0,
        "w": 200.0,
        "x": 0.15625,
        "y": 0.03703703731298447
    },
    "Labels": {
        "h": 370.0,
        "w": 200.0,
        "x": 0.84375,
        "y": 0.03703703731298447
    },
    "Level": {
        "h": 500.0,
        "w": 200.0,
        "x": 0.2708333432674408,
        "y": 0.03703703731298447
    },
    "Macrobot": {
        "h": 360.0,
        "w": 200.0,
        "x": 0.04169108346104622,
        "y": 0.31481480598449707
    },
    "Menu Settings": {
        "h": 500.0,
        "w": 200.0,
        "x": 0.6145833134651184,
        "y": 0.1666666716337204
    },
    "Player": {
        "h": 380.0,
        "w": 200.0,
        "x": 0.3854166567325592,
        "y": 0.03703703731298447
    },
    "Recorder": {
        "h": 430.0,
        "w": 200.0,
        "x": 0.15670838952064514,
        "y": 0.31481480598449707
    },
    "Shortcuts": {
        "h": 530.0,
        "w": 200.0,
        "x": 0.7291666865348816,
        "y": 0.03703703731298447
    },
    "res": {
        "x": 1920.0,
        "y": 1080.0
    }
}