{
    "Bypass": {
        "h": 540.0,
        "w": 200.0,
        "x": 0.5520833134651184,
        "y": 0.03703703731298447
    },
    "Creator": {
        "h": 120.0,
        "w": 200.0,
        "x": 0.6979166865348816,
        "y": 0.03703703731298447
    },
    "Credits": {
        "h": 120.0,
        "w": 200.0,
        "x": 1600.0,
        "y": 400.0
    },
    "General": {
        "h": 270.0,
        "w": 200.0,
        "x": 0.03125,
        "y": 0.03703703731298447
    },
    "Global": {
        "h": 310.0,
        "w": 200.0,
        "x": 0.15625,
        "y": 0.03703703731298447
    },
    "Labels": {
        "h": 370.0,
        "w": 200.0,
        "x": 0.6979166865348816,
        "y": 0.18518517911434174
    },
    "Level": {
        "h": 410.0,
        "w": 200.0,
        "x": 0.2916666567325592,
        "y": 0.03703703731298447
    },
    "Macrobot": {
        "h": 330.0,
        "w": 200.0,
        "x": 0.03125,
        "y": 0.3333333432674408
    },
    "Menu Settings": {
        "h": 370.0,
        "w": 200.0,
        "x": 0.4166666567325592,
        "y": 0.37037035822868347
    },
    "Player": {
        "h": 320.0,
        "w": 200.0,
        "x": 0.4166666567325592,
        "y": 0.03703703731298447
    },
    "Recorder": {
        "h": 430.0,
        "w": 200.0,
        "x": 0.15625,
        "y": 0.35185185074806213
    },
    "Shortcuts": {
        "h": 350.0,
        "w": 200.0,
        "x": 0.8333333134651184,
        "y": 0.03703703731298447
    },
    "res": {
        "x": 1920.0,
        "y": 1080.0
    }
}