{
    "Bypass": {
        "h": 530.0,
        "w": 200.0,
        "x": 1060.0001220703125,
        "y": 40.00000762939453
    },
    "Creator": {
        "h": 200.0,
        "w": 200.0,
        "x": 1300.000244140625,
        "y": 40.00000762939453
    },
    "Credits": {
        "h": 120.0,
        "w": 200.0,
        "x": 1560.000244140625,
        "y": 480.0000305175781
    },
    "General": {
        "h": 250.0,
        "w": 200.0,
        "x": 60.0,
        "y": 40.0
    },
    "Global": {
        "h": 310.0,
        "w": 200.0,
        "x": 300.0,
        "y": 40.00000762939453
    },
    "Labels": {
        "h": 270.0,
        "w": 200.0,
        "x": 1300.0,
        "y": 280.0
    },
    "Level": {
        "h": 260.0,
        "w": 200.0,
        "x": 560.0001220703125,
        "y": 40.00000762939453
    },
    "Macrobot": {
        "h": 300.0,
        "w": 200.0,
        "x": 60.0,
        "y": 340.0
    },
    "Menu Settings": {
        "h": 350.0,
        "w": 200.0,
        "x": 800.0,
        "y": 480.0
    },
    "Player": {
        "h": 320.0,
        "w": 200.0,
        "x": 800.0,
        "y": 40.0
    },
    "Recorder": {
        "h": 460.0,
        "w": 200.0,
        "x": 560.0001220703125,
        "y": 340.0
    },
    "Shortcuts": {
        "h": 270.0,
        "w": 200.0,
        "x": 1560.0,
        "y": 40.0
    },
    "res": {
        "x": 1920.0,
        "y": 1080.0
    }
}