{
    "Bypass": {
        "h": 0.5,
        "w": 0.10432953387498856,
        "x": 0.5009773969650269,
        "y": 0.03703703731298447
    },
    "Creator": {
        "h": 0.1111111119389534,
        "w": 0.10432953387498856,
        "x": 0.615784764289856,
        "y": 0.03703703731298447
    },
    "Credits": {
        "h": 120.0,
        "w": 200.0,
        "x": 1600.0,
        "y": 400.0
    },
    "General": {
        "h": 0.25,
        "w": 0.1041666641831398,
        "x": 0.0416666679084301,
        "y": 0.03703703731298447
    },
    "Global": {
        "h": 0.26851850748062134,
        "w": 0.10432953387498856,
        "x": 0.1565554291009903,
        "y": 0.03703703731298447
    },
    "Labels": {
        "h": 0.37037035822868347,
        "w": 0.10432953387498856,
        "x": 0.8450692296028137,
        "y": 0.03703703731298447
    },
    "Level": {
        "h": 0.46296292543411255,
        "w": 0.10432953387498856,
        "x": 0.271362841129303,
        "y": 0.03703703731298447
    },
    "Macrobot": {
        "h": 0.3333333432674408,
        "w": 0.1041666641831398,
        "x": 0.0416666679084301,
        "y": 0.31481480598449707
    },
    "Menu Settings": {
        "h": 0.49074074625968933,
        "w": 0.10418701171875,
        "x": 0.614703357219696,
        "y": 0.1666666716337204
    },
    "Player": {
        "h": 0.35185185074806213,
        "w": 0.10432953387498856,
        "x": 0.38617005944252014,
        "y": 0.03703703731298447
    },
    "Recorder": {
        "h": 0.3611111044883728,
        "w": 0.1042073592543602,
        "x": 0.15631103515625,
        "y": 0.31481480598449707
    },
    "Shortcuts": {
        "h": 0.46296295523643494,
        "w": 0.1042073592543602,
        "x": 0.7294514775276184,
        "y": 0.03703703731298447
    },
    "res": {
        "x": 1920.0,
        "y": 1080.0
    }
}