{
    "Bypass": {
        "h": 540.0,
        "w": 200.0,
        "x": 0.5027415156364441,
        "y": 0.03703703731298447
    },
    "Creator": {
        "h": 120.0,
        "w": 200.0,
        "x": 0.6179533004760742,
        "y": 0.03703703731298447
    },
    "Credits": {
        "h": 120.0,
        "w": 200.0,
        "x": 1600.0,
        "y": 400.0
    },
    "General": {
        "h": 270.0,
        "w": 200.0,
        "x": 0.0417807474732399,
        "y": 0.03703703731298447
    },
    "Global": {
        "h": 290.0,
        "w": 200.0,
        "x": 0.15710672736167908,
        "y": 0.03703703731298447
    },
    "Labels": {
        "h": 370.0,
        "w": 200.0,
        "x": 0.8483765125274658,
        "y": 0.03703703731298447
    },
    "Level": {
        "h": 500.0,
        "w": 200.0,
        "x": 0.2708333432674408,
        "y": 0.03703703731298447
    },
    "Macrobot": {
        "h": 360.0,
        "w": 200.0,
        "x": 0.04169922694563866,
        "y": 0.31481480598449707
    },
    "Menu Settings": {
        "h": 440.0,
        "w": 200.0,
        "x": 0.6179533004760742,
        "y": 0.1666666716337204
    },
    "Player": {
        "h": 380.0,
        "w": 200.0,
        "x": 0.38752999901771545,
        "y": 0.03703703731298447
    },
    "Recorder": {
        "h": 430.0,
        "w": 200.0,
        "x": 0.1563721001148224,
        "y": 0.31481480598449707
    },
    "Shortcuts": {
        "h": 530.0,
        "w": 200.0,
        "x": 0.7311630249023438,
        "y": 0.03703703731298447
    },
    "res": {
        "x": 1920.0,
        "y": 1080.0
    }
}